{
  "swagger": "2.0",
  "securityDefinitions": {
    "JWT": {
      "type": "apiKey",
      "in": "header",
      "name": "auth-token"
    }
  },
  "info": {
    "version": "1.0.0",
    "title": "PERN-Store",
    "description": "A REST E-commerce API made with Express and Postgres.",
    "license": {
      "name": "Licensed under MIT",
      "url": "https://opensource.org/licenses/MIT"
    }
  },
  "host": "localhost:9000",
  "basePath": "/api",
  "tags": [
    {
      "name": "Users",
      "description": "API for users"
    },
    {
      "name": "Products",
      "description": "API for products"
    },
    {
      "name": "Orders",
      "description": "API for orders"
    },
    {
      "name": "Cart",
      "description": "API for cart"
    },
    {
      "name": "Reviews",
      "description": "API for reviews"
    }
  ],
  "schemes": ["http"],
  "consumes": ["application/json"],
  "produces": ["application/json"],
  "paths": {
    "/users": {
      "get": {
        "tags": ["Users"],
        "summary": "Get all users available",
        "responses": {
          "200": {
            "description": "OK",
            "schema": {
              "allOf": [
                {
                  "$ref": "#/definitions/User"
                }
              ]
            }
          }
        }
      },
      "post": {
        "tags": ["Users"],
        "description": "Create new user in system",
        "summary": "Create a new user",
        "parameters": [
          {
            "name": "user",
            "in": "body",
            "description": "Details of user to be created",
            "schema": {
              "$ref": "#/definitions/User"
            }
          }
        ],
        "responses": {
          "200": {
            "description": "New user is created",
            "schema": {
              "user_id": {
                "type": "integer",
                "uniqueItems": true,
                "readonly": true,
                "example": 1
              },
              "$ref": "#/definitions/User"
            }
          }
        }
      }
    },
    "/users/{id}": {
      "parameters": [
        {
          "name": "id",
          "in": "path",
          "description": "ID of user to find",
          "type": "integer",
          "required": true,
          "schema": {
            "$ref": "#/definitions/User"
          }
        }
      ],
      "get": {
        "tags": ["Users"],
        "description": "Get a single user by id",
        "summary": "Get a single user",
        "parameters": [
          {
            "name": "id",
            "in": "path",
            "description": "ID of user to find",
            "type": "integer",
            "required": true,
            "schema": {
              "$ref": "#/definitions/User"
            }
          }
        ],
        "responses": {
          "200": {
            "description": "OK",
            "schema": {
              "user_id": {
                "type": "integer",
                "uniqueItems": true,
                "readonly": true,
                "example": 1
              },
              "$ref": "#/definitions/User"
            }
          }
        }
      },
      "put": {
        "summary": "Update user with give ID",
        "tags": ["Users"],
        "security": [
          {
            "JWT": []
          }
        ],
        "parameters": [
          {
            "name": "user",
            "in": "body",
            "description": "User with new values of properties",
            "schema": {
              "$ref": "#/definitions/User"
            }
          }
        ],
        "responses": {
          "200": {
            "description": "User is updated",
            "schema": {
              "$ref": "#/definitions/User"
            }
          }
        }
      },
      "delete": {
        "summary": "Delete user with given ID",
        "security": [
          {
            "JWT": []
          }
        ],
        "tags": ["Users"],
        "parameters": [
          {
            "name": "id",
            "in": "path",
            "description": "ID of user to delete",
            "type": "integer",
            "required": true,
            "schema": {
              "$ref": "#/definitions/User"
            }
          }
        ],
        "responses": {
          "200": {
            "description": "User is deleted",
            "schema": {
              "$ref": "#/definitions/User"
            }
          }
        }
      }
    },
    "/auth/login": {
      "post": {
        "tags": ["Users"],
        "description": "Login into the system",
        "summary": "Login",
        "parameters": [
          {
            "name": "user",
            "in": "body",
            "description": "Login details",
            "schema": {
              "$ref": "#/definitions/login"
            }
          }
        ],
        "responses": {
          "200": {}
        }
      }
    },
    "/auth/signup": {
      "post": {
        "tags": ["Users"],
        "description": "Create an account",
        "summary": "Sign up",
        "parameters": [
          {
            "name": "user",
            "in": "body",
            "description": "Login details",
            "schema": {
              "$ref": "#/definitions/User"
            }
          }
        ],
        "responses": {
          "200": {
            "description": "Account created"
          }
        }
      }
    }
  },
  "definitions": {
    "User": {
      "properties": {
        "password": {
          "type": "string",
          "example": "^@wra@m+SrNs!lS"
        },
        "email": {
          "type": "string",
          "example": "johndoe@person.com"
        },
        "fullname": {
          "type": "string",
          "example": "John Doe"
        },
        "username": {
          "type": "string",
          "example": "johnny"
        }
      }
    },
    "login": {
      "properties": {
        "email": {
          "type": "string",
          "example": "johndoe@person.com"
        },
        "password": {
          "type": "string",
          "example": "^@wra@m+SrNs!lS"
        }
      }
    }
  }
}
